chain, residue_label, residue_name, score, zscore, probability, pocket
A,    1, MET,  0.2645,  -0.2320,   0.0111, 0
A,    2, HIS,  0.5603,  -0.0672,   0.0449, 0
A,    3, LEU,  0.7441,   0.0353,   0.0789, 0
A,    4, CYS,  0.9617,   0.1566,   0.1309, 0
A,    5, HIS,  0.7083,   0.0154,   0.0714, 0
A,    6, ALA,  0.3491,  -0.1849,   0.0184, 0
A,    7, ILE,  0.1554,  -0.2928,   0.0046, 0
A,    8, THR,  0.1189,  -0.3132,   0.0030, 0
A,    9, ASN,  0.1289,  -0.3076,   0.0034, 0
A,   10, ILE,  0.2365,  -0.2477,   0.0092, 0
A,   11, SER,  0.2721,  -0.2278,   0.0117, 0
A,   12, HIS,  0.2632,  -0.2328,   0.0110, 0
A,   13, ARG,  0.3015,  -0.2114,   0.0141, 0
A,   14, ASN,  0.2471,  -0.2417,   0.0099, 0
A,   15, SER,  0.1848,  -0.2764,   0.0060, 0
A,   16, ASP,  0.2947,  -0.2152,   0.0135, 0
A,   17, TRP,  0.7270,   0.0258,   0.0753, 0
A,   18, SER,  0.4067,  -0.1528,   0.0243, 0
A,   19, ARG,  0.2891,  -0.2183,   0.0131, 0
A,   20, GLU,  0.0795,  -0.3352,   0.0017, 0
A,   21, VAL,  0.1003,  -0.3235,   0.0023, 0
A,   22, GLN,  0.2822,  -0.2221,   0.0125, 0
A,   23, ALA,  0.4077,  -0.1522,   0.0244, 0
A,   24, SER,  0.2450,  -0.2429,   0.0098, 0
A,   25, LEU,  1.3856,   0.3929,   0.2496, 9
A,   26, TYR,  1.5381,   0.4779,   0.2933, 0
A,   27, SER,  0.8138,   0.0741,   0.0944, 0
A,   28, LEU,  0.8774,   0.1096,   0.1096, 9
A,   29, MET,  1.6554,   0.5433,   0.3254, 9
A,   30, SER,  1.4094,   0.4062,   0.2566, 0
A,   31, LEU,  0.7984,   0.0655,   0.0908, 0
A,   32, ILE,  0.5566,  -0.0692,   0.0443, 9
A,   33, ILE,  1.4508,   0.4292,   0.2686, 0
A,   34, LEU,  0.9143,   0.1301,   0.1188, 0
A,   35, ALA,  1.0286,   0.1939,   0.1486, 0
A,   36, THR,  1.0514,   0.2066,   0.1548, 0
A,   37, LEU,  1.2647,   0.3255,   0.2148, 0
A,   38, VAL,  1.2121,   0.2962,   0.1998, 0
A,   39, GLY,  1.2022,   0.2907,   0.1969, 0
A,   40, ASN,  1.3924,   0.3967,   0.2516, 0
A,   41, LEU,  0.7957,   0.0641,   0.0902, 0
A,   42, ILE,  1.5438,   0.4811,   0.2949, 0
A,   43, VAL,  1.1559,   0.2648,   0.1838, 0
A,   44, ILE,  0.9372,   0.1429,   0.1246, 0
A,   45, ILE,  1.1004,   0.2339,   0.1683, 0
A,   46, SER,  1.3745,   0.3867,   0.2463, 0
A,   47, ILE,  1.0399,   0.2002,   0.1516, 15
A,   48, SER,  0.9426,   0.1460,   0.1259, 13
A,   49, HIS,  1.3144,   0.3532,   0.2291, 0
A,   50, PHE,  2.0965,   0.7891,   0.4357, 0
A,   51, LYS,  0.6107,  -0.0391,   0.0531, 0
A,   52, GLN,  1.3913,   0.3961,   0.2512, 0
A,   53, LEU,  2.0998,   0.7909,   0.4364, 0
A,   54, HIS,  0.7497,   0.0384,   0.0800, 0
A,   55, THR,  1.9791,   0.7237,   0.4084, 0
A,   56, PRO,  0.8866,   0.1147,   0.1118, 0
A,   57, THR,  2.0576,   0.7674,   0.4268, 5
A,   58, ASN,  1.9411,   0.7025,   0.3990, 0
A,   59, TRP,  1.3188,   0.3556,   0.2304, 13
A,   60, LEU,  0.3918,  -0.1611,   0.0227, 0
A,   61, LEU,  1.4493,   0.4284,   0.2682, 5
A,   62, HIS,  2.2567,   0.8784,   0.4717, 13
A,   63, SER,  1.3715,   0.3850,   0.2454, 0
A,   64, MET,  1.0092,   0.1831,   0.1434, 0
A,   65, ALA,  0.7123,   0.0176,   0.0722, 0
A,   66, ILE,  2.0345,   0.7545,   0.4216, 0
A,   67, VAL,  1.3137,   0.3528,   0.2289, 0
A,   68, ASP,  1.4787,   0.4448,   0.2765, 0
A,   69, PHE,  1.3359,   0.3652,   0.2352, 0
A,   70, LEU,  0.9415,   0.1453,   0.1257, 7
A,   71, LEU,  2.6178,   1.0797,   0.5446, 0
A,   72, GLY,  0.1665,  -0.2867,   0.0051, 0
A,   73, CYS,  1.0831,   0.2242,   0.1635, 0
A,   74, LEU,  3.0504,   1.3209,   0.6190, 4
A,   75, ILE,  4.4467,   2.0991,   0.7829, 4
A,   76, MET,  1.7909,   0.6188,   0.3613, 0
A,   77, PRO,  1.7195,   0.5790,   0.3428, 0
A,   78, CYS,  3.2824,   1.4502,   0.6534, 4
A,   79, SER,  3.3085,   1.4647,   0.6571, 1
A,   80, MET,  1.7622,   0.6028,   0.3540, 0
A,   81, VAL,  2.5271,   1.0292,   0.5274, 0
A,   82, ARG,  3.8251,   1.7526,   0.7228, 1
A,   83, THR,  1.3801,   0.3898,   0.2479, 3
A,   84, VAL,  1.6542,   0.5426,   0.3251, 0
A,   85, GLU,  1.5173,   0.4663,   0.2875, 3
A,   86, ARG,  1.3494,   0.3727,   0.2391, 3
A,   87, CYS,  2.1791,   0.8352,   0.4545, 0
A,   88, TRP,  6.0103,   2.9707,   0.8808, 2
A,   89, TYR,  2.2271,   0.8619,   0.4652, 0
A,   90, PHE,  3.5281,   1.5871,   0.6866, 4
A,   91, GLY,  1.0484,   0.2049,   0.1539, 0
A,   92, GLU,  3.3149,   1.4683,   0.6579, 2
A,   93, ILE,  0.1957,  -0.2704,   0.0066, 0
A,   94, LEU,  2.8101,   1.1869,   0.5794, 4
A,   95, CYS,  8.6750,   4.4560,   0.9550, 2
A,   96, LYS,  6.6966,   3.3532,   0.9078, 2
A,   97, VAL,  2.6485,   1.0968,   0.5503, 4
A,   98, HIS,  4.1034,   1.9078,   0.7518, 1
A,   99, THR,  7.4260,   3.7598,   0.9294, 1
A,  100, SER,  0.8205,   0.0779,   0.0960, 0
A,  101, THR,  2.0453,   0.7606,   0.4241, 4
A,  102, ASP, 10.8275,   5.6558,   0.9800, 1
A,  103, ILE, 14.9077,   7.9301,   0.9956, 1
A,  104, MET,  0.9050,   0.1250,   0.1164, 7
A,  105, LEU,  1.3714,   0.3850,   0.2454, 7
A,  106, SER,  8.7675,   4.5076,   0.9564, 1
A,  107, SER,  7.1879,   3.6271,   0.9229, 1
A,  108, ALA,  0.4112,  -0.1503,   0.0248, 0
A,  109, SER,  0.9759,   0.1645,   0.1346, 0
A,  110, ILE,  5.1878,   2.5122,   0.8372, 1
A,  111, PHE,  0.8870,   0.1149,   0.1119, 11
A,  112, HIS,  0.2783,  -0.2244,   0.0122, 0
A,  113, LEU,  1.2224,   0.3019,   0.2027, 0
A,  114, ALA,  0.6699,  -0.0060,   0.0638, 11
A,  115, PHE,  0.7774,   0.0539,   0.0862, 11
A,  116, ILE,  0.8086,   0.0713,   0.0932, 5
A,  117, SER,  0.6013,  -0.0443,   0.0515, 0
A,  118, ILE,  2.1071,   0.7951,   0.4380, 11
A,  119, ASP,  1.2720,   0.3295,   0.2169, 5
A,  120, ARG,  1.7608,   0.6020,   0.3537, 5
A,  121, TYR,  2.2685,   0.8850,   0.4743, 0
A,  122, CYS,  1.8546,   0.6543,   0.3777, 0
A,  123, ALA,  0.5559,  -0.0696,   0.0442, 5
A,  124, VAL,  0.9007,   0.1226,   0.1153, 8
A,  125, CYS,  1.4636,   0.4363,   0.2723, 0
A,  126, ASP,  1.2905,   0.3399,   0.2222, 0
A,  127, PRO,  0.5475,  -0.0743,   0.0429, 0
A,  128, LEU,  0.3879,  -0.1632,   0.0223, 0
A,  129, ARG,  0.5916,  -0.0497,   0.0499, 0
A,  130, TYR,  1.6994,   0.5678,   0.3374, 5
A,  131, LYS,  1.0972,   0.2321,   0.1674, 0
A,  132, ALA,  0.4406,  -0.1339,   0.0283, 0
A,  133, LYS,  1.7882,   0.6173,   0.3606, 0
A,  134, ILE,  1.4148,   0.4091,   0.2581, 0
A,  135, ASN,  0.4501,  -0.1286,   0.0294, 0
A,  136, ILE,  0.5587,  -0.0680,   0.0446, 13
A,  137, SER,  0.3959,  -0.1588,   0.0231, 0
A,  138, THR,  0.7963,   0.0644,   0.0903, 0
A,  139, ILE,  0.4296,  -0.1400,   0.0270, 13
A,  140, LEU,  0.6811,   0.0002,   0.0660, 13
A,  141, VAL,  0.4469,  -0.1303,   0.0291, 0
A,  142, MET,  1.0318,   0.1957,   0.1495, 0
A,  143, ILE,  1.6907,   0.5630,   0.3350, 13
A,  144, LEU,  0.9006,   0.1225,   0.1153, 0
A,  145, VAL,  0.6463,  -0.0192,   0.0594, 11
A,  146, SER,  0.3863,  -0.1641,   0.0221, 0
A,  147, TRP,  2.5111,   1.0202,   0.5242, 7
A,  148, SER,  0.7636,   0.0462,   0.0830, 0
A,  149, LEU,  0.7467,   0.0367,   0.0794, 11
A,  150, PRO,  0.4180,  -0.1465,   0.0256, 12
A,  151, ALA,  1.1230,   0.2465,   0.1747, 7
A,  152, VAL,  0.8892,   0.1162,   0.1125, 0
A,  153, TYR,  7.1822,   3.6239,   0.9227, 1
A,  154, ALA,  1.7283,   0.5839,   0.3451, 0
A,  155, PHE,  1.2114,   0.2957,   0.1996, 7
A,  156, GLY,  0.8137,   0.0741,   0.0943, 0
A,  157, MET,  2.0254,   0.7495,   0.4194, 0
A,  158, ILE,  5.2996,   2.5745,   0.8437, 2
A,  159, PHE,  0.7340,   0.0297,   0.0768, 0
A,  160, LEU,  0.4469,  -0.1304,   0.0290, 0
A,  161, GLU,  2.6932,   1.1217,   0.5584, 2
A,  162, LEU,  1.3751,   0.3870,   0.2465, 0
A,  163, ASN,  5.1833,   2.5097,   0.8369, 2
A,  164, LEU,  3.8403,   1.7611,   0.7246, 2
A,  165, LYS,  0.7175,   0.0205,   0.0733, 0
A,  166, GLY,  0.4320,  -0.1386,   0.0273, 0
A,  167, VAL,  0.9199,   0.1333,   0.1203, 0
A,  168, GLU,  0.2409,  -0.2452,   0.0095, 0
A,  169, GLU,  0.2742,  -0.2266,   0.0119, 0
A,  170, LEU,  1.7253,   0.5822,   0.3443, 0
A,  171, TYR,  7.9914,   4.0749,   0.9423, 2
A,  172, ARG,  4.6828,   2.2307,   0.8015, 2
A,  173, SER,  0.3812,  -0.1670,   0.0216, 0
A,  174, GLN,  2.1476,   0.8176,   0.4471, 3
A,  175, VAL,  5.2086,   2.5238,   0.8385, 2
A,  176, SER,  0.9515,   0.1509,   0.1282, 0
A,  177, ASP,  0.8571,   0.0983,   0.1046, 0
A,  178, LEU,  2.3691,   0.9411,   0.4954, 3
A,  179, GLY,  3.0838,   1.3395,   0.6240, 2
A,  180, GLY,  3.0950,   1.3457,   0.6257, 2
A,  181, CYS,  8.2885,   4.2406,   0.9482, 2
A,  182, SER,  9.4063,   4.8636,   0.9660, 2
A,  183, PRO, 16.3942,   8.7587,   0.9973, 1
A,  184, PHE,  6.7843,   3.4021,   0.9107, 3
A,  185, PHE, 13.1176,   6.9323,   0.9913, 1
A,  186, SER,  0.6486,  -0.0179,   0.0598, 0
A,  187, LYS,  0.9768,   0.1650,   0.1349, 0
A,  188, VAL,  0.6448,  -0.0200,   0.0591, 0
A,  189, SER,  0.8467,   0.0925,   0.1021, 0
A,  190, GLY,  2.1105,   0.7969,   0.4388, 0
A,  191, VAL,  0.7225,   0.0232,   0.0743, 0
A,  192, LEU,  1.0809,   0.2230,   0.1629, 0
A,  193, ALA,  9.1052,   4.6958,   0.9618, 1
A,  194, PHE,  6.7093,   3.3603,   0.9082, 14
A,  195, MET,  0.8382,   0.0877,   0.1001, 0
A,  196, THR,  2.0183,   0.7455,   0.4177, 12
A,  197, SER,  7.7859,   3.9604,   0.9377, 1
A,  198, PHE,  2.0598,   0.7687,   0.4274, 14
A,  199, TYR,  1.1562,   0.2650,   0.1839, 14
A,  200, ILE,  1.0247,   0.1917,   0.1476, 11
A,  201, PRO,  0.7903,   0.0610,   0.0890, 11
A,  202, GLY,  0.3616,  -0.1779,   0.0196, 14
A,  203, SER,  1.0132,   0.1853,   0.1445, 14
A,  204, VAL,  1.3351,   0.3647,   0.2349, 11
A,  205, MET,  1.6482,   0.5392,   0.3234, 6
A,  206, LEU,  1.2875,   0.3382,   0.2213, 14
A,  207, PHE,  1.4395,   0.4229,   0.2653, 0
A,  208, VAL,  1.0218,   0.1901,   0.1468, 0
A,  209, TYR,  2.3566,   0.9341,   0.4927, 6
A,  210, TYR,  1.1582,   0.2661,   0.1845, 10
A,  211, ARG,  0.7744,   0.0522,   0.0855, 0
A,  212, ILE,  0.7588,   0.0435,   0.0820, 8
A,  213, TYR,  1.3523,   0.3743,   0.2399, 10
A,  214, PHE,  0.7064,   0.0143,   0.0710, 10
A,  215, ILE,  0.6996,   0.0105,   0.0696, 0
A,  216, ALA,  0.7896,   0.0607,   0.0888, 8
A,  217, LYS,  1.5740,   0.4979,   0.3032, 0
A,  218, GLY,  0.5643,  -0.0649,   0.0455, 0
A,  219, GLN,  0.5022,  -0.0996,   0.0362, 0
A,  220, ALA,  1.3839,   0.3920,   0.2491, 0
A,  221, ARG,  1.1691,   0.2722,   0.1876, 0
A,  222, SER,  0.7710,   0.0503,   0.0847, 0
A,  223, ILE,  0.7165,   0.0199,   0.0731, 0
A,  224, ASN,  1.3740,   0.3864,   0.2462, 0
A,  225, ARG,  1.1437,   0.2580,   0.1804, 0
A,  226, THR,  0.9926,   0.1738,   0.1389, 0
A,  227, ASN,  1.0388,   0.1996,   0.1513, 0
A,  228, VAL,  0.6846,   0.0022,   0.0666, 0
A,  229, GLN,  0.3691,  -0.1737,   0.0203, 0
A,  230, VAL,  0.4865,  -0.1083,   0.0341, 0
A,  231, GLY,  0.3849,  -0.1649,   0.0219, 0
A,  232, LEU,  0.5514,  -0.0721,   0.0435, 0
A,  233, GLU,  0.3726,  -0.1718,   0.0207, 0
A,  234, GLY,  0.3278,  -0.1968,   0.0164, 0
A,  235, LYS,  0.2836,  -0.2214,   0.0126, 0
A,  236, SER,  0.5825,  -0.0548,   0.0485, 0
A,  237, GLN,  0.6931,   0.0069,   0.0683, 0
A,  238, ALA,  0.6037,  -0.0430,   0.0519, 0
A,  239, PRO,  0.5581,  -0.0684,   0.0445, 0
A,  240, GLN,  0.6598,  -0.0117,   0.0618, 0
A,  241, SER,  0.4708,  -0.1171,   0.0320, 0
A,  242, LYS,  0.7324,   0.0288,   0.0764, 0
A,  243, GLU,  0.4946,  -0.1038,   0.0352, 0
A,  244, THR,  0.5810,  -0.0556,   0.0482, 0
A,  245, LYS,  1.3144,   0.3532,   0.2291, 0
A,  246, ALA,  1.0319,   0.1957,   0.1495, 8
A,  247, ALA,  1.2816,   0.3349,   0.2196, 0
A,  248, LYS,  0.8124,   0.0734,   0.0940, 0
A,  249, THR,  1.2369,   0.3100,   0.2067, 8
A,  250, LEU,  1.3824,   0.3911,   0.2486, 8
A,  251, GLY,  0.8557,   0.0975,   0.1042, 0
A,  252, ILE,  1.0710,   0.2175,   0.1602, 0
A,  253, MET,  1.8860,   0.6718,   0.3856, 6
A,  254, VAL,  1.9225,   0.6922,   0.3945, 0
A,  255, GLY,  0.9167,   0.1315,   0.1194, 0
A,  256, VAL,  1.9542,   0.7098,   0.4022, 0
A,  257, PHE,  1.3064,   0.3487,   0.2268, 6
A,  258, LEU,  1.3029,   0.3468,   0.2258, 14
A,  259, VAL,  1.4913,   0.4518,   0.2801, 0
A,  260, CYS,  0.9976,   0.1766,   0.1403, 0
A,  261, TRP,  8.5995,   4.4139,   0.9538, 1
A,  262, CYS,  0.7290,   0.0269,   0.0757, 0
A,  263, PRO,  1.4006,   0.4013,   0.2540, 0
A,  264, PHE, 14.9217,   7.9379,   0.9956, 1
A,  265, PHE, 13.6505,   7.2293,   0.9930, 1
A,  266, LEU,  1.4510,   0.4294,   0.2687, 14
A,  267, CYS,  2.7679,   1.1634,   0.5722, 0
A,  268, THR,  8.2124,   4.1981,   0.9468, 1
A,  269, VAL,  1.2108,   0.2954,   0.1994, 0
A,  270, LEU,  1.6642,   0.5482,   0.3278, 0
A,  271, ASP,  3.3840,   1.5068,   0.6673, 3
A,  272, PRO,  1.4471,   0.4271,   0.2675, 3
A,  273, PHE,  0.9908,   0.1728,   0.1385, 0
A,  274, LEU,  0.7816,   0.0562,   0.0871, 0
A,  275, GLY,  0.7477,   0.0373,   0.0796, 0
A,  276, TYR,  3.6398,   1.6494,   0.7009, 3
A,  277, VAL,  0.7102,   0.0164,   0.0717, 0
A,  278, ILE,  4.4032,   2.0749,   0.7791, 3
A,  279, PRO,  1.5447,   0.4816,   0.2951, 3
A,  280, PRO,  3.1107,   1.3545,   0.6281, 3
A,  281, SER,  0.5997,  -0.0452,   0.0512, 3
A,  282, LEU,  1.1858,   0.2815,   0.1922, 0
A,  283, ASN,  3.6251,   1.6412,   0.6991, 3
A,  284, ASP,  0.9336,   0.1409,   0.1237, 3
A,  285, ALA,  0.9128,   0.1293,   0.1184, 9
A,  286, LEU,  1.9899,   0.7297,   0.4111, 0
A,  287, TYR, 10.0686,   5.2328,   0.9731, 1
A,  288, TRP,  2.1221,   0.8034,   0.4413, 9
A,  289, PHE,  1.5116,   0.4631,   0.2859, 9
A,  290, GLY,  4.8688,   2.3344,   0.8155, 0
A,  291, TYR,  7.8546,   3.9987,   0.9391, 1
A,  292, LEU,  1.4690,   0.4394,   0.2738, 9
A,  293, ASN,  2.2993,   0.9022,   0.4807, 0
A,  294, SER,  1.3494,   0.3727,   0.2391, 0
A,  295, ALA,  1.0870,   0.2264,   0.1645, 0
A,  296, LEU,  1.6380,   0.5336,   0.3206, 0
A,  297, ASN,  2.6202,   1.0810,   0.5451, 6
A,  298, PRO,  1.4673,   0.4384,   0.2733, 0
A,  299, MET,  2.0384,   0.7567,   0.4225, 0
A,  300, VAL,  1.3650,   0.3814,   0.2436, 0
A,  301, TYR,  2.3584,   0.9351,   0.4931, 5
A,  302, ALA,  1.2240,   0.3028,   0.2031, 15
A,  303, PHE,  1.7581,   0.6005,   0.3530, 0
A,  304, PHE,  1.2997,   0.3450,   0.2248, 0
A,  305, TYR,  2.1202,   0.8024,   0.4409, 5
A,  306, PRO,  1.1288,   0.2497,   0.1762, 0
A,  307, TRP,  3.0184,   1.3030,   0.6141, 5
A,  308, PHE,  1.6403,   0.5348,   0.3212, 15
A,  309, ARG,  1.3892,   0.3949,   0.2506, 0
A,  310, ARG,  1.3855,   0.3928,   0.2495, 0
A,  311, ALA,  1.6977,   0.5669,   0.3369, 0
A,  312, LEU,  1.9992,   0.7349,   0.4133, 0
A,  313, LYS,  0.9991,   0.1775,   0.1407, 0
A,  314, MET,  1.4582,   0.4333,   0.2708, 0
A,  315, VAL,  0.3108,  -0.2062,   0.0149, 0
A,  316, LEU,  0.1751,  -0.2818,   0.0055, 0
A,  317, LEU,  0.2326,  -0.2498,   0.0089, 0
A,  318, GLY,  0.1856,  -0.2760,   0.0061, 0
A,  319, LYS,  0.2357,  -0.2481,   0.0091, 0
A,  320, ILE,  0.2224,  -0.2555,   0.0082, 0
A,  321, PHE,  0.2209,  -0.2563,   0.0081, 0
A,  322, GLN,  0.1841,  -0.2768,   0.0060, 0
A,  323, LYS,  0.0993,  -0.3241,   0.0023, 0
A,  324, ASP,  0.0937,  -0.3273,   0.0021, 0
A,  325, SER,  0.1140,  -0.3159,   0.0028, 0
A,  326, SER,  0.2570,  -0.2362,   0.0106, 0
A,  327, ARG,  0.4420,  -0.1331,   0.0285, 0
A,  328, SER,  0.4348,  -0.1371,   0.0276, 0
A,  329, LYS,  0.3491,  -0.1848,   0.0184, 0
A,  330, LEU,  0.5365,  -0.0804,   0.0413, 0
A,  331, PHE,  0.6770,  -0.0021,   0.0651, 0
A,  332, LEU,  0.6216,  -0.0330,   0.0550, 0
